<?xml version='1.0' encoding='UTF-8' ?>
<timeLogEntries>
  <time id="1" path="/Blabla/PSP0/Planning" start="@1535735857796" delta="1" />
  <time id="2" path="/Blabla/PSP0/Planning" start="@1535736120218" delta="8" />
  <time id="3" path="/Lab2/PSP0/Planning" start="@1536358915828" delta="39" />
  <time id="4" path="/Lab2/PSP0/Planning" start="@1536417358414" delta="53" interrupt="4" />
  <time id="5" path="/Lab2/PSP0/Planning" start="@1536435940066" delta="20" />
  <time id="6" path="/Lab2/PSP0/Planning" start="@1536438392506" delta="17" />
  <time id="7" path="/Lab2/PSP0/Design" start="@1536592772986" delta="106" interrupt="1" />
  <time id="8" path="/Lab2/PSP0/Design" start="@1537025113060" delta="45" />
  <time id="9" path="/Lab2/PSP0/Code" start="@1537029638476" delta="28" />
  <time id="10" path="/Lab2/PSP0/Code" start="@1537222207212" delta="28" />
  <time id="11" path="/Lab2/PSP0/Code" start="@1537228685831" delta="27" />
  <time id="12" path="/Lab2/PSP0/Code" start="@1537286434904" delta="32" />
  <time id="13" path="/Lab2/PSP0/Code" start="@1537395214311" delta="183" />
  <time id="14" path="/Lab2/PSP0/Design" start="@1537474271599" delta="41" />
  <time id="15" path="/Lab2/PSP0/Code" start="@1537487538801" delta="38" />
  <time id="16" path="/Lab2/PSP0/Code" start="@1537490313808" delta="108" interrupt="1" />
  <time id="17" path="/Lab3/PSP0/Planning" start="@1538767567708" delta="101" />
  <time id="18" path="/Lab3/PSP0/Code" start="@1539654963731" delta="135" />
  <time id="19" path="/Lab3/PSP0/Code" start="@1540090123099" delta="91" />
  <time id="20" path="/Lab3/PSP0/Design" start="@1540095604690" delta="49" />
  <time id="21" path="/Lab3/PSP0/Design" start="@1540158424954" delta="94" />
  <time id="22" path="/Lab3/PSP0/Code" start="@1540164075512" delta="20" />
  <time id="23" path="/Lab3/PSP0/Code" start="@1540178063045" delta="179" />
  <time id="24" path="/Lab3/PSP0/Code" start="@1540310761907" delta="21" />
  <time id="25" path="/Lab3/PSP0/Design" start="@1540312622469" delta="45" />
  <time id="26" path="/Lab3/PSP0/Test" start="@1540350560512" delta="48" />
  <time id="27" path="/Lab3/PSP0/Code" start="@1540416346432" delta="86" />
  <time id="28" path="/Lab3/PSP0/Code" start="@1540482626508" delta="27" />
  <time id="29" path="/Lab3/PSP0/Test" start="@1540484263059" delta="56" />
  <time id="30" path="/Lab3/PSP0/Planning" start="@1540487609846" delta="43" />
</timeLogEntries>
